{
  "train_acc": 0.6659596332209107,
  "test_acc": 0.5324866944195605,
  "overfit_gap": 0.13347293880135014,
  "precision": 0.533508952960373,
  "recall": 0.5324866944195605,
  "f1": 0.5328839261798038,
  "roc_auc": 0.5510466365761038
}