{
  "train_acc": 0.6461397486039084,
  "test_acc": 0.5205046480743691,
  "overfit_gap": 0.1256351005295393,
  "precision": 0.5203049210555394,
  "recall": 0.5205046480743691,
  "f1": 0.520391688806192,
  "roc_auc": 0.5216892886653479
}