{
  "train_acc": 0.6507344521869991,
  "test_acc": 0.5309320509045703,
  "overfit_gap": 0.1198024012824288,
  "precision": 0.5279320609188046,
  "recall": 0.5309320509045703,
  "f1": 0.5261057794346804,
  "roc_auc": 0.5417740927820036
}