{
  "train_acc": 0.6513315012922433,
  "test_acc": 0.5420551575228187,
  "overfit_gap": 0.10927634376942452,
  "precision": 0.5393881192188525,
  "recall": 0.5420551575228187,
  "f1": 0.5371236189951056,
  "roc_auc": 0.5504227952015577
}