{
  "train_acc": 0.6484106800177956,
  "test_acc": 0.5205577689243028,
  "overfit_gap": 0.12785291109349273,
  "precision": 0.5191853335942472,
  "recall": 0.5205577689243028,
  "f1": 0.5191778409160847,
  "roc_auc": 0.523665324729625
}