{
  "train_acc": 0.8370870870870871,
  "test_acc": 0.5342615342615342,
  "overfit_gap": 0.3028255528255529,
  "precision": 0.5508244643076193,
  "recall": 0.5342615342615342,
  "f1": 0.5134361123710642,
  "roc_auc": 0.5632745045140759
}