{
  "train_acc": 0.9926972426972427,
  "test_acc": 0.5110565110565111,
  "precision": 0.5268233445744273,
  "recall": 0.5110565110565111,
  "f1": 0.4781321009483332,
  "roc_auc": 0.5389706856644221
}