{
  "train_acc": 0.6659596332209107,
  "test_acc": 0.5282183696053117,
  "overfit_gap": 0.13774126361559902,
  "precision": 0.5326078166542578,
  "recall": 0.5282183696053117,
  "f1": 0.5286049006949733,
  "roc_auc": 0.5501421432062823
}